algorithm,phase,size_label,size_value,input_label,input_size_bytes,run,time_s,peak_memory_bytes,ciphertext_bytes
Knapsack,keygen,key_bits,8,-,0,0,5.958399999972386e-05,2540,
Knapsack,keygen,key_bits,8,-,0,1,2.904199999997914e-05,756,
Knapsack,keygen,key_bits,8,-,0,2,2.670800000004192e-05,644,
Knapsack,keygen,key_bits,8,-,0,3,2.7042000000143673e-05,724,
Knapsack,keygen,key_bits,8,-,0,4,2.329199999984155e-05,528,
Knapsack,keygen,key_bits,8,-,0,5,2.429199999998133e-05,612,
Knapsack,keygen,key_bits,8,-,0,6,3.449999999993736e-05,584,
Knapsack,keygen,key_bits,8,-,0,7,2.254099999987602e-05,556,
Knapsack,keygen,key_bits,8,-,0,8,2.4792000000051218e-05,584,
Knapsack,keygen,key_bits,8,-,0,9,2.562499999969603e-05,640,
Knapsack,encrypt,key_bits,8,text_1KB,1024,0,0.002526167000000079,38524,2009
Knapsack,decrypt,key_bits,8,text_1KB,1024,0,0.0037577920000000375,133308,
Knapsack,encrypt,key_bits,8,text_1KB,1024,1,0.0012661249999998958,37072,2009
Knapsack,decrypt,key_bits,8,text_1KB,1024,1,0.0017285409999998613,132140,
Knapsack,encrypt,key_bits,8,text_1KB,1024,2,0.0012352909999999717,37072,2009
Knapsack,decrypt,key_bits,8,text_1KB,1024,2,0.0014754579999998185,127716,
Knapsack,encrypt,key_bits,8,text_1KB,1024,3,0.0011897910000002732,37072,2009
Knapsack,decrypt,key_bits,8,text_1KB,1024,3,0.0014974169999999454,127716,
Knapsack,encrypt,key_bits,8,text_1KB,1024,4,0.0012577920000000908,37072,2009
Knapsack,decrypt,key_bits,8,text_1KB,1024,4,0.0015320409999999285,127716,
Knapsack,encrypt,key_bits,8,text_1KB,1024,5,0.0012452499999997535,37072,2009
Knapsack,decrypt,key_bits,8,text_1KB,1024,5,0.0015689999999999316,127716,
Knapsack,encrypt,key_bits,8,text_1KB,1024,6,0.0012249170000000476,37072,2009
Knapsack,decrypt,key_bits,8,text_1KB,1024,6,0.0015656670000003814,127716,
Knapsack,encrypt,key_bits,8,text_1KB,1024,7,0.0012878339999997657,37072,2009
Knapsack,decrypt,key_bits,8,text_1KB,1024,7,0.0015725420000003432,127716,
Knapsack,encrypt,key_bits,8,text_1KB,1024,8,0.0013179999999999303,37072,2009
Knapsack,decrypt,key_bits,8,text_1KB,1024,8,0.0015806669999998135,127716,
Knapsack,encrypt,key_bits,8,text_1KB,1024,9,0.0013470829999997491,37072,2009
Knapsack,decrypt,key_bits,8,text_1KB,1024,9,0.001629625000000079,127716,
Knapsack,encrypt,key_bits,8,image_50KB,20480,0,0.02529866699999994,726624,40166
Knapsack,decrypt,key_bits,8,image_50KB,20480,0,0.028722875000000148,2626568,
Knapsack,encrypt,key_bits,8,image_50KB,20480,1,0.023291583000000227,726624,40166
Knapsack,decrypt,key_bits,8,image_50KB,20480,1,0.037533291999999996,2626624,
Knapsack,encrypt,key_bits,8,image_50KB,20480,2,0.023863332999999987,726736,40166
Knapsack,decrypt,key_bits,8,image_50KB,20480,2,0.02948525000000002,2626568,
Knapsack,encrypt,key_bits,8,image_50KB,20480,3,0.023156666999999853,726624,40166
Knapsack,decrypt,key_bits,8,image_50KB,20480,3,0.029024209000000134,2626568,
Knapsack,encrypt,key_bits,8,image_50KB,20480,4,0.023067458999999957,726624,40166
Knapsack,decrypt,key_bits,8,image_50KB,20480,4,0.029611667000000175,2626568,
Knapsack,encrypt,key_bits,8,image_50KB,20480,5,0.023285250000000257,726624,40166
Knapsack,decrypt,key_bits,8,image_50KB,20480,5,0.02945570799999997,2626568,
Knapsack,encrypt,key_bits,8,image_50KB,20480,6,0.02320037500000005,726624,40166
Knapsack,decrypt,key_bits,8,image_50KB,20480,6,0.03742254200000028,2626624,
Knapsack,encrypt,key_bits,8,image_50KB,20480,7,0.02361570899999954,726736,40166
Knapsack,decrypt,key_bits,8,image_50KB,20480,7,0.028981082999999686,2626568,
Knapsack,encrypt,key_bits,8,image_50KB,20480,8,0.023369541000000105,726624,40166
Knapsack,decrypt,key_bits,8,image_50KB,20480,8,0.029487083000000247,2626568,
Knapsack,encrypt,key_bits,8,image_50KB,20480,9,0.023135207999999352,726624,40166
Knapsack,decrypt,key_bits,8,image_50KB,20480,9,0.030040291999999802,2626568,
Knapsack,encrypt,key_bits,8,audio_200KB,20480,0,0.02335870799999995,727156,40176
Knapsack,decrypt,key_bits,8,audio_200KB,20480,0,0.03707808299999993,2626652,
Knapsack,encrypt,key_bits,8,audio_200KB,20480,1,0.023962875000000494,727268,40176
Knapsack,decrypt,key_bits,8,audio_200KB,20480,1,0.028809875000000318,2626596,
Knapsack,encrypt,key_bits,8,audio_200KB,20480,2,0.023109500000000338,727156,40176
Knapsack,decrypt,key_bits,8,audio_200KB,20480,2,0.028900207999999594,2626596,
Knapsack,encrypt,key_bits,8,audio_200KB,20480,3,0.022962291999999884,727156,40176
Knapsack,decrypt,key_bits,8,audio_200KB,20480,3,0.028796916000000117,2626596,
Knapsack,encrypt,key_bits,8,audio_200KB,20480,4,0.022965082999999886,727156,40176
Knapsack,decrypt,key_bits,8,audio_200KB,20480,4,0.03661070900000052,2626652,
Knapsack,encrypt,key_bits,8,audio_200KB,20480,5,0.023785958000000385,727268,40176
Knapsack,decrypt,key_bits,8,audio_200KB,20480,5,0.028760540999999584,2626596,
Knapsack,encrypt,key_bits,8,audio_200KB,20480,6,0.02301441699999973,727156,40176
Knapsack,decrypt,key_bits,8,audio_200KB,20480,6,0.0292479590000001,2626596,
Knapsack,encrypt,key_bits,8,audio_200KB,20480,7,0.0233263749999999,727156,40176
Knapsack,decrypt,key_bits,8,audio_200KB,20480,7,0.029248166999999547,2626596,
Knapsack,encrypt,key_bits,8,audio_200KB,20480,8,0.02316370799999934,727156,40176
Knapsack,decrypt,key_bits,8,audio_200KB,20480,8,0.029274291999999313,2626596,
Knapsack,encrypt,key_bits,8,audio_200KB,20480,9,0.022978000000000165,727156,40176
Knapsack,decrypt,key_bits,8,audio_200KB,20480,9,0.03677083300000028,2626652,
Knapsack,encrypt,key_bits,8,video_1MB,20480,0,0.025264125000000526,726876,40156
Knapsack,decrypt,key_bits,8,video_1MB,20480,0,0.030283874999999405,2626568,
Knapsack,encrypt,key_bits,8,video_1MB,20480,1,0.023675542000000327,726764,40156
Knapsack,decrypt,key_bits,8,video_1MB,20480,1,0.028922541000000024,2626568,
Knapsack,encrypt,key_bits,8,video_1MB,20480,2,0.023611791999999632,726764,40156
Knapsack,decrypt,key_bits,8,video_1MB,20480,2,0.038664208000000144,2626624,
Knapsack,encrypt,key_bits,8,video_1MB,20480,3,0.024509709000000157,726876,40156
Knapsack,decrypt,key_bits,8,video_1MB,20480,3,0.028977750000000135,2626568,
Knapsack,encrypt,key_bits,8,video_1MB,20480,4,0.023184582999999925,726764,40156
Knapsack,decrypt,key_bits,8,video_1MB,20480,4,0.028818082999999994,2626568,
Knapsack,encrypt,key_bits,8,video_1MB,20480,5,0.02326891599999925,726764,40156
Knapsack,decrypt,key_bits,8,video_1MB,20480,5,0.02870316700000064,2626568,
Knapsack,encrypt,key_bits,8,video_1MB,20480,6,0.02310045900000013,726764,40156
Knapsack,decrypt,key_bits,8,video_1MB,20480,6,0.02853249999999985,2626568,
Knapsack,encrypt,key_bits,8,video_1MB,20480,7,0.023701832999999617,726764,40156
Knapsack,decrypt,key_bits,8,video_1MB,20480,7,0.03783866699999994,2626624,
Knapsack,encrypt,key_bits,8,video_1MB,20480,8,0.024582458999999446,726876,40156
Knapsack,decrypt,key_bits,8,video_1MB,20480,8,0.030222374999999246,2626568,
Knapsack,encrypt,key_bits,8,video_1MB,20480,9,0.023798124999999892,726764,40156
Knapsack,decrypt,key_bits,8,video_1MB,20480,9,0.030436250000000165,2626568,
Knapsack,keygen,key_bits,16,-,0,0,4.954200000018005e-05,1392,
Knapsack,keygen,key_bits,16,-,0,1,3.4124999999995964e-05,1364,
Knapsack,keygen,key_bits,16,-,0,2,2.6249999999450324e-05,1364,
Knapsack,keygen,key_bits,16,-,0,3,2.650000000059549e-05,1364,
Knapsack,keygen,key_bits,16,-,0,4,2.6458999999867672e-05,1392,
Knapsack,keygen,key_bits,16,-,0,5,2.8458000000064487e-05,1328,
Knapsack,keygen,key_bits,16,-,0,6,3.1250000000149214e-05,1336,
Knapsack,keygen,key_bits,16,-,0,7,2.3250000000807347e-05,1328,
Knapsack,keygen,key_bits,16,-,0,8,3.212499999971641e-05,1392,
Knapsack,keygen,key_bits,16,-,0,9,2.3500000000176158e-05,1364,
Knapsack,encrypt,key_bits,16,text_1KB,1024,0,0.000963417000000355,19076,1536
Knapsack,decrypt,key_bits,16,text_1KB,1024,0,0.0019672090000000253,94404,
Knapsack,encrypt,key_bits,16,text_1KB,1024,1,0.000673792000000617,19076,1536
Knapsack,decrypt,key_bits,16,text_1KB,1024,1,0.0012110420000004396,94404,
Knapsack,encrypt,key_bits,16,text_1KB,1024,2,0.0006913330000006823,19076,1536
Knapsack,decrypt,key_bits,16,text_1KB,1024,2,0.001193624999999976,94404,
Knapsack,encrypt,key_bits,16,text_1KB,1024,3,0.0007687500000006509,19076,1536
Knapsack,decrypt,key_bits,16,text_1KB,1024,3,0.0012714579999997255,94404,
Knapsack,encrypt,key_bits,16,text_1KB,1024,4,0.0006747919999998686,19076,1536
Knapsack,decrypt,key_bits,16,text_1KB,1024,4,0.0012059170000000563,94404,
Knapsack,encrypt,key_bits,16,text_1KB,1024,5,0.0006828750000007489,19076,1536
Knapsack,decrypt,key_bits,16,text_1KB,1024,5,0.001228583000000505,94404,
Knapsack,encrypt,key_bits,16,text_1KB,1024,6,0.0006961670000000808,19076,1536
Knapsack,decrypt,key_bits,16,text_1KB,1024,6,0.0012022919999994386,94404,
Knapsack,encrypt,key_bits,16,text_1KB,1024,7,0.0006700419999994267,19076,1536
Knapsack,decrypt,key_bits,16,text_1KB,1024,7,0.0011590420000002766,94404,
Knapsack,encrypt,key_bits,16,text_1KB,1024,8,0.0006799170000002519,19076,1536
Knapsack,decrypt,key_bits,16,text_1KB,1024,8,0.0011834579999998596,94404,
Knapsack,encrypt,key_bits,16,text_1KB,1024,9,0.0006763750000002844,19076,1536
Knapsack,decrypt,key_bits,16,text_1KB,1024,9,0.001177375000000147,94404,
Knapsack,encrypt,key_bits,16,image_50KB,20480,0,0.013284458999999416,372420,30699
Knapsack,decrypt,key_bits,16,image_50KB,20480,0,0.023923000000000805,1965316,
Knapsack,encrypt,key_bits,16,image_50KB,20480,1,0.013349917000000211,372420,30699
Knapsack,decrypt,key_bits,16,image_50KB,20480,1,0.02451550000000058,1965316,
Knapsack,encrypt,key_bits,16,image_50KB,20480,2,0.013131875000000015,372420,30699
Knapsack,decrypt,key_bits,16,image_50KB,20480,2,0.024194417000000357,1965316,
Knapsack,encrypt,key_bits,16,image_50KB,20480,3,0.013413332999999916,372420,30699
Knapsack,decrypt,key_bits,16,image_50KB,20480,3,0.03097695800000011,1965372,
Knapsack,encrypt,key_bits,16,image_50KB,20480,4,0.013935374999999972,372532,30699
Knapsack,decrypt,key_bits,16,image_50KB,20480,4,0.02435395800000073,1965316,
Knapsack,encrypt,key_bits,16,image_50KB,20480,5,0.013373582999999911,372420,30699
Knapsack,decrypt,key_bits,16,image_50KB,20480,5,0.024707207999999703,1965316,
Knapsack,encrypt,key_bits,16,image_50KB,20480,6,0.013228000000000684,372420,30699
Knapsack,decrypt,key_bits,16,image_50KB,20480,6,0.02440679200000062,1965316,
Knapsack,encrypt,key_bits,16,image_50KB,20480,7,0.013181542000000768,372420,30699
Knapsack,decrypt,key_bits,16,image_50KB,20480,7,0.02423641700000001,1965316,
Knapsack,encrypt,key_bits,16,image_50KB,20480,8,0.013267875000000373,372420,30699
Knapsack,decrypt,key_bits,16,image_50KB,20480,8,0.02436041699999958,1965316,
Knapsack,encrypt,key_bits,16,image_50KB,20480,9,0.01342275000000015,372420,30699
Knapsack,decrypt,key_bits,16,image_50KB,20480,9,0.02450545899999934,1965316,
Knapsack,encrypt,key_bits,16,audio_200KB,20480,0,0.0136854590000004,372420,30699
Knapsack,decrypt,key_bits,16,audio_200KB,20480,0,0.024850874999999384,1965316,
Knapsack,encrypt,key_bits,16,audio_200KB,20480,1,0.013414083000000687,372420,30699
Knapsack,decrypt,key_bits,16,audio_200KB,20480,1,0.03082320900000024,1965372,
Knapsack,encrypt,key_bits,16,audio_200KB,20480,2,0.013839750000000706,372532,30699
Knapsack,decrypt,key_bits,16,audio_200KB,20480,2,0.02448462500000037,1965316,
Knapsack,encrypt,key_bits,16,audio_200KB,20480,3,0.01348195799999985,372420,30699
Knapsack,decrypt,key_bits,16,audio_200KB,20480,3,0.024568916000000662,1965316,
Knapsack,encrypt,key_bits,16,audio_200KB,20480,4,0.013493375000000363,372420,30699
Knapsack,decrypt,key_bits,16,audio_200KB,20480,4,0.024451166999999607,1965316,
Knapsack,encrypt,key_bits,16,audio_200KB,20480,5,0.013494541000000027,372420,30699
Knapsack,decrypt,key_bits,16,audio_200KB,20480,5,0.024384333000000424,1965316,
Knapsack,encrypt,key_bits,16,audio_200KB,20480,6,0.013562915999999703,372420,30699
Knapsack,decrypt,key_bits,16,audio_200KB,20480,6,0.02465554199999964,1965316,
Knapsack,encrypt,key_bits,16,audio_200KB,20480,7,0.013385167000000031,372420,30699
Knapsack,decrypt,key_bits,16,audio_200KB,20480,7,0.024342041999999786,1965316,
Knapsack,encrypt,key_bits,16,audio_200KB,20480,8,0.013293167000000494,372420,30699
Knapsack,decrypt,key_bits,16,audio_200KB,20480,8,0.024463041999999824,1965316,
Knapsack,encrypt,key_bits,16,audio_200KB,20480,9,0.013322291999999791,372420,30699
Knapsack,decrypt,key_bits,16,audio_200KB,20480,9,0.024504750000000186,1965316,
Knapsack,encrypt,key_bits,16,video_1MB,20480,0,0.013424957999999876,372392,30686
Knapsack,decrypt,key_bits,16,video_1MB,20480,0,0.03116825000000034,1965372,
Knapsack,encrypt,key_bits,16,video_1MB,20480,1,0.01376699999999964,372504,30686
Knapsack,decrypt,key_bits,16,video_1MB,20480,1,0.02455337499999999,1965316,
Knapsack,encrypt,key_bits,16,video_1MB,20480,2,0.013290458000000172,372392,30686
Knapsack,decrypt,key_bits,16,video_1MB,20480,2,0.024612124999999985,1965316,
Knapsack,encrypt,key_bits,16,video_1MB,20480,3,0.013438958000000056,372392,30686
Knapsack,decrypt,key_bits,16,video_1MB,20480,3,0.024280416999999943,1965316,
Knapsack,encrypt,key_bits,16,video_1MB,20480,4,0.013281749999999981,372392,30686
Knapsack,decrypt,key_bits,16,video_1MB,20480,4,0.02450220800000036,1965316,
Knapsack,encrypt,key_bits,16,video_1MB,20480,5,0.013351541999999661,372392,30686
Knapsack,decrypt,key_bits,16,video_1MB,20480,5,0.024279165999999464,1965316,
Knapsack,encrypt,key_bits,16,video_1MB,20480,6,0.013401540999999462,372392,30686
Knapsack,decrypt,key_bits,16,video_1MB,20480,6,0.024062542000000242,1965316,
Knapsack,encrypt,key_bits,16,video_1MB,20480,7,0.013649417000000774,372392,30686
Knapsack,decrypt,key_bits,16,video_1MB,20480,7,0.024466750000000204,1965316,
Knapsack,encrypt,key_bits,16,video_1MB,20480,8,0.013662166000000475,372392,30686
Knapsack,decrypt,key_bits,16,video_1MB,20480,8,0.0249997500000001,1965316,
Knapsack,encrypt,key_bits,16,video_1MB,20480,9,0.013485916000000486,372392,30686
Knapsack,decrypt,key_bits,16,video_1MB,20480,9,0.03176379199999957,1965372,
Knapsack,keygen,key_bits,32,-,0,0,7.774999999998755e-05,2768,
Knapsack,keygen,key_bits,32,-,0,1,7.45000000001994e-05,2752,
Knapsack,keygen,key_bits,32,-,0,2,5.8208999999642685e-05,2736,
Knapsack,keygen,key_bits,32,-,0,3,6.195799999986207e-05,2768,
Knapsack,keygen,key_bits,32,-,0,4,5.475000000032537e-05,2736,
Knapsack,keygen,key_bits,32,-,0,5,5.8208000000448124e-05,2736,
Knapsack,keygen,key_bits,32,-,0,6,5.591700000007194e-05,2736,
Knapsack,keygen,key_bits,32,-,0,7,5.870800000007392e-05,2768,
Knapsack,keygen,key_bits,32,-,0,8,5.879199999991869e-05,2768,
Knapsack,keygen,key_bits,32,-,0,9,5.4458000000146e-05,2732,
Knapsack,encrypt,key_bits,32,text_1KB,1024,0,0.0006364579999997844,11024,1280
Knapsack,decrypt,key_bits,32,text_1KB,1024,0,0.0015264170000000021,78056,
Knapsack,encrypt,key_bits,32,text_1KB,1024,1,0.0004781249999998849,10912,1280
Knapsack,decrypt,key_bits,32,text_1KB,1024,1,0.0010550829999997902,78056,
Knapsack,encrypt,key_bits,32,text_1KB,1024,2,0.0004555420000000865,10912,1280
Knapsack,decrypt,key_bits,32,text_1KB,1024,2,0.0011025829999997683,78056,
Knapsack,encrypt,key_bits,32,text_1KB,1024,3,0.000429624999999767,10912,1280
Knapsack,decrypt,key_bits,32,text_1KB,1024,3,0.0010302089999996156,78056,
Knapsack,encrypt,key_bits,32,text_1KB,1024,4,0.0004443339999999907,10912,1280
Knapsack,decrypt,key_bits,32,text_1KB,1024,4,0.0010467089999997015,78056,
Knapsack,encrypt,key_bits,32,text_1KB,1024,5,0.00043216699999959474,10912,1280
Knapsack,decrypt,key_bits,32,text_1KB,1024,5,0.001034333999999859,78056,
Knapsack,encrypt,key_bits,32,text_1KB,1024,6,0.00044770800000026867,10912,1280
Knapsack,decrypt,key_bits,32,text_1KB,1024,6,0.0011241250000004754,78056,
Knapsack,encrypt,key_bits,32,text_1KB,1024,7,0.00045083400000045515,10912,1280
Knapsack,decrypt,key_bits,32,text_1KB,1024,7,0.0011080420000002533,78056,
Knapsack,encrypt,key_bits,32,text_1KB,1024,8,0.00046999999999997044,10912,1280
Knapsack,decrypt,key_bits,32,text_1KB,1024,8,0.0011129580000002193,78056,
Knapsack,encrypt,key_bits,32,text_1KB,1024,9,0.000473957999999719,10912,1280
Knapsack,decrypt,key_bits,32,text_1KB,1024,9,0.0011093339999996843,78056,
Knapsack,encrypt,key_bits,32,image_50KB,20480,0,0.008512207999999966,206240,25600
Knapsack,decrypt,key_bits,32,image_50KB,20480,0,0.020908125000000055,1635304,
Knapsack,encrypt,key_bits,32,image_50KB,20480,1,0.00860904199999979,206240,25600
Knapsack,decrypt,key_bits,32,image_50KB,20480,1,0.02079691599999922,1635304,
Knapsack,encrypt,key_bits,32,image_50KB,20480,2,0.008750790999999758,206240,25600
Knapsack,decrypt,key_bits,32,image_50KB,20480,2,0.021766332999999527,1635304,
Knapsack,encrypt,key_bits,32,image_50KB,20480,3,0.008732750000000067,206240,25600
Knapsack,decrypt,key_bits,32,image_50KB,20480,3,0.022264166999999446,1635304,
Knapsack,encrypt,key_bits,32,image_50KB,20480,4,0.008662458999999956,206240,25600
Knapsack,decrypt,key_bits,32,image_50KB,20480,4,0.020644040999999724,1635304,
Knapsack,encrypt,key_bits,32,image_50KB,20480,5,0.008362540999999446,206240,25600
Knapsack,decrypt,key_bits,32,image_50KB,20480,5,0.021325249999999407,1635304,
Knapsack,encrypt,key_bits,32,image_50KB,20480,6,0.00875374999999945,206240,25600
Knapsack,decrypt,key_bits,32,image_50KB,20480,6,0.02098554099999994,1635304,
Knapsack,encrypt,key_bits,32,image_50KB,20480,7,0.008363958000000338,206240,25600
Knapsack,decrypt,key_bits,32,image_50KB,20480,7,0.021053540999999676,1635304,
Knapsack,encrypt,key_bits,32,image_50KB,20480,8,0.008391207999999928,206240,25600
Knapsack,decrypt,key_bits,32,image_50KB,20480,8,0.02214304099999964,1635304,
Knapsack,encrypt,key_bits,32,image_50KB,20480,9,0.008630083999999982,206240,25600
Knapsack,decrypt,key_bits,32,image_50KB,20480,9,0.020470125000000117,1635304,
Knapsack,encrypt,key_bits,32,audio_200KB,20480,0,0.008653958000000017,206240,25600
Knapsack,decrypt,key_bits,32,audio_200KB,20480,0,0.021226291000000508,1635304,
Knapsack,encrypt,key_bits,32,audio_200KB,20480,1,0.00869362500000026,206240,25600
Knapsack,decrypt,key_bits,32,audio_200KB,20480,1,0.021353582999999787,1635304,
Knapsack,encrypt,key_bits,32,audio_200KB,20480,2,0.008558625000000042,206240,25600
Knapsack,decrypt,key_bits,32,audio_200KB,20480,2,0.02091487499999989,1635304,
Knapsack,encrypt,key_bits,32,audio_200KB,20480,3,0.008922875000000552,206240,25600
Knapsack,decrypt,key_bits,32,audio_200KB,20480,3,0.022324958999999645,1635304,
Knapsack,encrypt,key_bits,32,audio_200KB,20480,4,0.008859417000000036,206240,25600
Knapsack,decrypt,key_bits,32,audio_200KB,20480,4,0.02150158400000013,1635304,
Knapsack,encrypt,key_bits,32,audio_200KB,20480,5,0.008444374999999837,206240,25600
Knapsack,decrypt,key_bits,32,audio_200KB,20480,5,0.020850582999999645,1635304,
Knapsack,encrypt,key_bits,32,audio_200KB,20480,6,0.008616500000000471,206240,25600
Knapsack,decrypt,key_bits,32,audio_200KB,20480,6,0.027725124999999906,1635360,
Knapsack,encrypt,key_bits,32,audio_200KB,20480,7,0.008831833000000344,206352,25600
Knapsack,decrypt,key_bits,32,audio_200KB,20480,7,0.020109457999999414,1635304,
Knapsack,encrypt,key_bits,32,audio_200KB,20480,8,0.008522666000000179,206240,25600
Knapsack,decrypt,key_bits,32,audio_200KB,20480,8,0.020917999999999992,1635304,
Knapsack,encrypt,key_bits,32,audio_200KB,20480,9,0.00836462499999957,206240,25600
Knapsack,decrypt,key_bits,32,audio_200KB,20480,9,0.019929166999999914,1635304,
Knapsack,encrypt,key_bits,32,video_1MB,20480,0,0.00847008299999974,206240,25600
Knapsack,decrypt,key_bits,32,video_1MB,20480,0,0.020944625000000272,1635304,
Knapsack,encrypt,key_bits,32,video_1MB,20480,1,0.00850658400000004,206240,25600
Knapsack,decrypt,key_bits,32,video_1MB,20480,1,0.020530917000000315,1635304,
Knapsack,encrypt,key_bits,32,video_1MB,20480,2,0.008528541000000445,206240,25600
Knapsack,decrypt,key_bits,32,video_1MB,20480,2,0.020908666999999603,1635304,
Knapsack,encrypt,key_bits,32,video_1MB,20480,3,0.008497625000000397,206240,25600
Knapsack,decrypt,key_bits,32,video_1MB,20480,3,0.02055175000000009,1635304,
Knapsack,encrypt,key_bits,32,video_1MB,20480,4,0.008425958000000122,206240,25600
Knapsack,decrypt,key_bits,32,video_1MB,20480,4,0.020676791000000527,1635304,
Knapsack,encrypt,key_bits,32,video_1MB,20480,5,0.008444874999999463,206240,25600
Knapsack,decrypt,key_bits,32,video_1MB,20480,5,0.021119374999999607,1635304,
Knapsack,encrypt,key_bits,32,video_1MB,20480,6,0.008635791999999753,206240,25600
Knapsack,decrypt,key_bits,32,video_1MB,20480,6,0.02071600000000018,1635304,
Knapsack,encrypt,key_bits,32,video_1MB,20480,7,0.008547082999999844,206240,25600
Knapsack,decrypt,key_bits,32,video_1MB,20480,7,0.021004249999999836,1635304,
Knapsack,encrypt,key_bits,32,video_1MB,20480,8,0.00847104200000004,206240,25600
Knapsack,decrypt,key_bits,32,video_1MB,20480,8,0.020254791999999355,1635304,
Knapsack,encrypt,key_bits,32,video_1MB,20480,9,0.008497874999999766,206240,25600
Knapsack,decrypt,key_bits,32,video_1MB,20480,9,0.020912415999999823,1635304,
Knapsack,keygen,key_bits,64,-,0,0,0.00013391599999934556,5764,
Knapsack,keygen,key_bits,64,-,0,1,0.00011925000000001518,5764,
Knapsack,keygen,key_bits,64,-,0,2,0.00012270800000013793,5768,
Knapsack,keygen,key_bits,64,-,0,3,0.00011691599999963387,5768,
Knapsack,keygen,key_bits,64,-,0,4,0.0001338750000003941,6216,
Knapsack,keygen,key_bits,64,-,0,5,0.0001130830000004579,5736,
Knapsack,keygen,key_bits,64,-,0,6,0.00011850000000013239,5764,
Knapsack,keygen,key_bits,64,-,0,7,0.00011554200000052361,5736,
Knapsack,keygen,key_bits,64,-,0,8,0.00012112499999972215,5764,
Knapsack,keygen,key_bits,64,-,0,9,0.00011650000000074101,5768,
Knapsack,encrypt,key_bits,64,text_1KB,1024,0,0.0008890839999997624,6712,1152
Knapsack,decrypt,key_bits,64,text_1KB,1024,0,0.0012805419999999401,69772,
Knapsack,encrypt,key_bits,64,text_1KB,1024,1,0.0007919999999996818,6712,1152
Knapsack,decrypt,key_bits,64,text_1KB,1024,1,0.0009802920000003823,69772,
Knapsack,encrypt,key_bits,64,text_1KB,1024,2,0.0008345830000004995,6712,1152
Knapsack,decrypt,key_bits,64,text_1KB,1024,2,0.0009195829999999461,69772,
Knapsack,encrypt,key_bits,64,text_1KB,1024,3,0.0007869999999998711,6712,1152
Knapsack,decrypt,key_bits,64,text_1KB,1024,3,0.0009127920000002732,69772,
Knapsack,encrypt,key_bits,64,text_1KB,1024,4,0.000793958000000039,6712,1152
Knapsack,decrypt,key_bits,64,text_1KB,1024,4,0.0009069589999999295,69772,
Knapsack,encrypt,key_bits,64,text_1KB,1024,5,0.0007814580000005122,6712,1152
Knapsack,decrypt,key_bits,64,text_1KB,1024,5,0.000933457999999554,69772,
Knapsack,encrypt,key_bits,64,text_1KB,1024,6,0.0007852910000005764,6712,1152
Knapsack,decrypt,key_bits,64,text_1KB,1024,6,0.0009319579999997885,69772,
Knapsack,encrypt,key_bits,64,text_1KB,1024,7,0.0008090830000000437,6712,1152
Knapsack,decrypt,key_bits,64,text_1KB,1024,7,0.0009259999999997603,69772,
Knapsack,encrypt,key_bits,64,text_1KB,1024,8,0.0008115420000001095,6712,1152
Knapsack,decrypt,key_bits,64,text_1KB,1024,8,0.0009199589999999702,69772,
Knapsack,encrypt,key_bits,64,text_1KB,1024,9,0.0008625420000001327,6712,1152
Knapsack,decrypt,key_bits,64,text_1KB,1024,9,0.001025374999999329,69772,
Knapsack,encrypt,key_bits,64,image_50KB,20480,0,0.01615387500000054,123448,23040
Knapsack,decrypt,key_bits,64,image_50KB,20480,0,0.018726374999999962,1470604,
Knapsack,encrypt,key_bits,64,image_50KB,20480,1,0.015447625000000187,123448,23040
Knapsack,decrypt,key_bits,64,image_50KB,20480,1,0.019486209000000088,1470604,
Knapsack,encrypt,key_bits,64,image_50KB,20480,2,0.01542145799999961,123448,23040
Knapsack,decrypt,key_bits,64,image_50KB,20480,2,0.01881104199999939,1470604,
Knapsack,encrypt,key_bits,64,image_50KB,20480,3,0.01541450000000033,123448,23040
Knapsack,decrypt,key_bits,64,image_50KB,20480,3,0.018761334000000573,1470604,
Knapsack,encrypt,key_bits,64,image_50KB,20480,4,0.01561508300000014,123448,23040
Knapsack,decrypt,key_bits,64,image_50KB,20480,4,0.019253209000000382,1470604,
Knapsack,encrypt,key_bits,64,image_50KB,20480,5,0.015484874999999398,123448,23040
Knapsack,decrypt,key_bits,64,image_50KB,20480,5,0.019058332999999372,1470604,
Knapsack,encrypt,key_bits,64,image_50KB,20480,6,0.015597790999999361,123448,23040
Knapsack,decrypt,key_bits,64,image_50KB,20480,6,0.018498000000000125,1470604,
Knapsack,encrypt,key_bits,64,image_50KB,20480,7,0.015277916000000502,123448,23040
Knapsack,decrypt,key_bits,64,image_50KB,20480,7,0.01850750000000012,1470604,
Knapsack,encrypt,key_bits,64,image_50KB,20480,8,0.015288166000001269,123448,23040
Knapsack,decrypt,key_bits,64,image_50KB,20480,8,0.018295291000001157,1470604,
Knapsack,encrypt,key_bits,64,image_50KB,20480,9,0.015276999999999319,123448,23040
Knapsack,decrypt,key_bits,64,image_50KB,20480,9,0.025209750000000142,1470660,
Knapsack,encrypt,key_bits,64,audio_200KB,20480,0,0.015726083000000557,123560,23040
Knapsack,decrypt,key_bits,64,audio_200KB,20480,0,0.019326916000000693,1470604,
Knapsack,encrypt,key_bits,64,audio_200KB,20480,1,0.015591290999999785,123448,23040
Knapsack,decrypt,key_bits,64,audio_200KB,20480,1,0.01881158300000152,1470604,
Knapsack,encrypt,key_bits,64,audio_200KB,20480,2,0.015443750000001089,123448,23040
Knapsack,decrypt,key_bits,64,audio_200KB,20480,2,0.019556458000000276,1470604,
Knapsack,encrypt,key_bits,64,audio_200KB,20480,3,0.015617208000000105,123448,23040
Knapsack,decrypt,key_bits,64,audio_200KB,20480,3,0.01921220900000087,1470604,
Knapsack,encrypt,key_bits,64,audio_200KB,20480,4,0.01551820799999959,123448,23040
Knapsack,decrypt,key_bits,64,audio_200KB,20480,4,0.018791666000000262,1470604,
Knapsack,encrypt,key_bits,64,audio_200KB,20480,5,0.015574959000000277,123448,23040
Knapsack,decrypt,key_bits,64,audio_200KB,20480,5,0.01875979199999911,1470604,
Knapsack,encrypt,key_bits,64,audio_200KB,20480,6,0.01559875000000055,123448,23040
Knapsack,decrypt,key_bits,64,audio_200KB,20480,6,0.019342374999999024,1470604,
Knapsack,encrypt,key_bits,64,audio_200KB,20480,7,0.015528500000000278,123448,23040
Knapsack,decrypt,key_bits,64,audio_200KB,20480,7,0.01834745799999915,1470604,
Knapsack,encrypt,key_bits,64,audio_200KB,20480,8,0.015126333000001324,123448,23040
Knapsack,decrypt,key_bits,64,audio_200KB,20480,8,0.01843595799999953,1470604,
Knapsack,encrypt,key_bits,64,audio_200KB,20480,9,0.01542604199999964,123448,23040
Knapsack,decrypt,key_bits,64,audio_200KB,20480,9,0.018942541999999563,1470604,
Knapsack,encrypt,key_bits,64,video_1MB,20480,0,0.014974000000000487,123448,23040
Knapsack,decrypt,key_bits,64,video_1MB,20480,0,0.018619749999999158,1470604,
Knapsack,encrypt,key_bits,64,video_1MB,20480,1,0.015444999999999709,123448,23040
Knapsack,decrypt,key_bits,64,video_1MB,20480,1,0.018451167000000268,1470604,
Knapsack,encrypt,key_bits,64,video_1MB,20480,2,0.015076458999999431,123448,23040
Knapsack,decrypt,key_bits,64,video_1MB,20480,2,0.018340916999999735,1470604,
Knapsack,encrypt,key_bits,64,video_1MB,20480,3,0.01549733300000078,123448,23040
Knapsack,decrypt,key_bits,64,video_1MB,20480,3,0.01919183399999902,1470604,
Knapsack,encrypt,key_bits,64,video_1MB,20480,4,0.015438875000000962,123448,23040
Knapsack,decrypt,key_bits,64,video_1MB,20480,4,0.018591499999999428,1470604,
Knapsack,encrypt,key_bits,64,video_1MB,20480,5,0.015385208999999733,123448,23040
Knapsack,decrypt,key_bits,64,video_1MB,20480,5,0.018826291999999967,1470604,
Knapsack,encrypt,key_bits,64,video_1MB,20480,6,0.015508458000001113,123448,23040
Knapsack,decrypt,key_bits,64,video_1MB,20480,6,0.01882508299999941,1470604,
Knapsack,encrypt,key_bits,64,video_1MB,20480,7,0.015441749999999033,123448,23040
Knapsack,decrypt,key_bits,64,video_1MB,20480,7,0.01930074999999931,1470604,
Knapsack,encrypt,key_bits,64,video_1MB,20480,8,0.01566212499999864,123448,23040
Knapsack,decrypt,key_bits,64,video_1MB,20480,8,0.018933999999999784,1470604,
Knapsack,encrypt,key_bits,64,video_1MB,20480,9,0.015553000000000594,123448,23040
Knapsack,decrypt,key_bits,64,video_1MB,20480,9,0.018786625000000612,1470604,
Diffie-Hellman,keygen,prime_bits,512,-,0,0,0.00023258300000073007,48,
Diffie-Hellman,key_exchange,prime_bits,512,-,0,0,0.0003837909999990785,242,
Diffie-Hellman,keygen,prime_bits,512,-,0,1,0.00018658299999962935,72,
Diffie-Hellman,key_exchange,prime_bits,512,-,0,1,0.00016354199999923935,242,
Diffie-Hellman,keygen,prime_bits,512,-,0,2,0.00017949999999977706,72,
Diffie-Hellman,key_exchange,prime_bits,512,-,0,2,0.0001624160000002206,242,
Diffie-Hellman,keygen,prime_bits,512,-,0,3,0.0001884580000002245,72,
Diffie-Hellman,key_exchange,prime_bits,512,-,0,3,0.00016549999999959653,242,
Diffie-Hellman,keygen,prime_bits,512,-,0,4,0.00018666600000116773,72,
Diffie-Hellman,key_exchange,prime_bits,512,-,0,4,0.00017712499999866793,242,
Diffie-Hellman,keygen,prime_bits,512,-,0,5,0.00018420800000029658,72,
Diffie-Hellman,key_exchange,prime_bits,512,-,0,5,0.00016954099999999528,242,
Diffie-Hellman,keygen,prime_bits,512,-,0,6,0.0001878749999999485,72,
Diffie-Hellman,key_exchange,prime_bits,512,-,0,6,0.00016933300000054885,242,
Diffie-Hellman,keygen,prime_bits,512,-,0,7,0.00018625000000049852,72,
Diffie-Hellman,key_exchange,prime_bits,512,-,0,7,0.00016195899999971175,242,
Diffie-Hellman,keygen,prime_bits,512,-,0,8,0.0001780829999997735,72,
Diffie-Hellman,key_exchange,prime_bits,512,-,0,8,0.0001615830000005758,242,
Diffie-Hellman,keygen,prime_bits,512,-,0,9,0.0001882919999989241,72,
Diffie-Hellman,key_exchange,prime_bits,512,-,0,9,0.0001652920000001501,242,
Diffie-Hellman,keygen,prime_bits,1024,-,0,0,0.0009978749999994818,72,
Diffie-Hellman,key_exchange,prime_bits,1024,-,0,0,0.0009765840000000026,370,
Diffie-Hellman,keygen,prime_bits,1024,-,0,1,0.0009710840000014542,72,
Diffie-Hellman,key_exchange,prime_bits,1024,-,0,1,0.0009315420000000074,370,
Diffie-Hellman,keygen,prime_bits,1024,-,0,2,0.0009727499999989675,72,
Diffie-Hellman,key_exchange,prime_bits,1024,-,0,2,0.0009332920000009182,370,
Diffie-Hellman,keygen,prime_bits,1024,-,0,3,0.0009604589999998581,72,
Diffie-Hellman,key_exchange,prime_bits,1024,-,0,3,0.0009387499999995441,370,
Diffie-Hellman,keygen,prime_bits,1024,-,0,4,0.0009588750000002477,72,
Diffie-Hellman,key_exchange,prime_bits,1024,-,0,4,0.0009297499999991743,370,
Diffie-Hellman,keygen,prime_bits,1024,-,0,5,0.0009982919999984574,72,
Diffie-Hellman,key_exchange,prime_bits,1024,-,0,5,0.00094562499999995,370,
Diffie-Hellman,keygen,prime_bits,1024,-,0,6,0.0009711670000012163,72,
Diffie-Hellman,key_exchange,prime_bits,1024,-,0,6,0.0009292500000004367,370,
Diffie-Hellman,keygen,prime_bits,1024,-,0,7,0.0009786250000001218,72,
Diffie-Hellman,key_exchange,prime_bits,1024,-,0,7,0.0009406659999999789,370,
Diffie-Hellman,keygen,prime_bits,1024,-,0,8,0.0009761250000011046,72,
Diffie-Hellman,key_exchange,prime_bits,1024,-,0,8,0.0009328330000002438,370,
Diffie-Hellman,keygen,prime_bits,1024,-,0,9,0.0009709579999999107,72,
Diffie-Hellman,key_exchange,prime_bits,1024,-,0,9,0.0009535000000013838,370,
Diffie-Hellman,keygen,prime_bits,2048,-,0,0,0.004548291999999066,72,
Diffie-Hellman,key_exchange,prime_bits,2048,-,0,0,0.004566750000000397,626,
Diffie-Hellman,keygen,prime_bits,2048,-,0,1,0.004598749999999541,72,
Diffie-Hellman,key_exchange,prime_bits,2048,-,0,1,0.00448545800000133,626,
Diffie-Hellman,keygen,prime_bits,2048,-,0,2,0.004556500000001407,72,
Diffie-Hellman,key_exchange,prime_bits,2048,-,0,2,0.00448437500000054,626,
Diffie-Hellman,keygen,prime_bits,2048,-,0,3,0.004606416999999752,72,
Diffie-Hellman,key_exchange,prime_bits,2048,-,0,3,0.004475875000000684,626,
Diffie-Hellman,keygen,prime_bits,2048,-,0,4,0.004583415999999119,72,
Diffie-Hellman,key_exchange,prime_bits,2048,-,0,4,0.004516083000000393,626,
Diffie-Hellman,keygen,prime_bits,2048,-,0,5,0.00459912500000037,72,
Diffie-Hellman,key_exchange,prime_bits,2048,-,0,5,0.00447591699999883,626,
Diffie-Hellman,keygen,prime_bits,2048,-,0,6,0.0046192499999992975,72,
Diffie-Hellman,key_exchange,prime_bits,2048,-,0,6,0.004488582999998769,626,
Diffie-Hellman,keygen,prime_bits,2048,-,0,7,0.004554374999999666,72,
Diffie-Hellman,key_exchange,prime_bits,2048,-,0,7,0.00446641599999964,626,
Diffie-Hellman,keygen,prime_bits,2048,-,0,8,0.0045000000000001705,72,
Diffie-Hellman,key_exchange,prime_bits,2048,-,0,8,0.004563624999999405,626,
Diffie-Hellman,keygen,prime_bits,2048,-,0,9,0.004572083999999421,72,
Diffie-Hellman,key_exchange,prime_bits,2048,-,0,9,0.0044511669999991454,626,
ElGamal,keygen,prime_bits,512,-,0,0,0.0007108749999993336,1740,
ElGamal,keygen,prime_bits,512,-,0,1,0.0007291250000012184,1308,
ElGamal,keygen,prime_bits,512,-,0,2,0.0006943750000001359,1304,
ElGamal,keygen,prime_bits,512,-,0,3,0.0006886250000004424,1308,
ElGamal,keygen,prime_bits,512,-,0,4,0.0007134579999998891,1308,
ElGamal,keygen,prime_bits,512,-,0,5,0.0007407500000002898,1308,
ElGamal,keygen,prime_bits,512,-,0,6,0.0007456250000004161,1308,
ElGamal,keygen,prime_bits,512,-,0,7,0.0006998750000004605,1308,
ElGamal,keygen,prime_bits,512,-,0,8,0.0007554580000004307,1308,
ElGamal,keygen,prime_bits,512,-,0,9,0.0007270830000010164,1308,
ElGamal,encrypt,prime_bits,512,text_1KB,1024,0,0.026426332999999858,9284,2176
ElGamal,decrypt,prime_bits,512,text_1KB,1024,0,0.017821291000000627,6324,
ElGamal,encrypt,prime_bits,512,text_1KB,1024,1,0.027022375000001375,8040,2176
ElGamal,decrypt,prime_bits,512,text_1KB,1024,1,0.017859624999999824,5380,
ElGamal,encrypt,prime_bits,512,text_1KB,1024,2,0.02719945800000012,7200,2176
ElGamal,decrypt,prime_bits,512,text_1KB,1024,2,0.017980666000001477,5376,
ElGamal,encrypt,prime_bits,512,text_1KB,1024,3,0.02671366699999922,7196,2175
ElGamal,decrypt,prime_bits,512,text_1KB,1024,3,0.018142208000000437,5380,
ElGamal,encrypt,prime_bits,512,text_1KB,1024,4,0.02669883400000117,7200,2176
ElGamal,decrypt,prime_bits,512,text_1KB,1024,4,0.017772625000000986,5380,
ElGamal,encrypt,prime_bits,512,text_1KB,1024,5,0.02712754200000056,7196,2176
ElGamal,decrypt,prime_bits,512,text_1KB,1024,5,0.018349415999999508,5376,
ElGamal,encrypt,prime_bits,512,text_1KB,1024,6,0.026917291999996706,7200,2176
ElGamal,decrypt,prime_bits,512,text_1KB,1024,6,0.017971541999997953,5380,
ElGamal,encrypt,prime_bits,512,text_1KB,1024,7,0.02718766699999975,7200,2176
ElGamal,decrypt,prime_bits,512,text_1KB,1024,7,0.017677041999998977,5380,
ElGamal,encrypt,prime_bits,512,text_1KB,1024,8,0.02698599999999729,7200,2176
ElGamal,decrypt,prime_bits,512,text_1KB,1024,8,0.01769487500000011,5376,
ElGamal,encrypt,prime_bits,512,text_1KB,1024,9,0.026799624999998883,7196,2176
ElGamal,decrypt,prime_bits,512,text_1KB,1024,9,0.01790412500000116,5376,
ElGamal,encrypt,prime_bits,512,image_50KB,20480,0,0.5098408749999983,86476,41726
ElGamal,decrypt,prime_bits,512,image_50KB,20480,0,0.33956870899999814,37728,
ElGamal,encrypt,prime_bits,512,image_50KB,20480,1,0.513780624999999,86472,41726
ElGamal,decrypt,prime_bits,512,image_50KB,20480,1,0.34376125,37732,
ElGamal,encrypt,prime_bits,512,image_50KB,20480,2,0.5126457079999973,69395,41726
ElGamal,decrypt,prime_bits,512,image_50KB,20480,2,0.3417118330000015,37814,
ElGamal,encrypt,prime_bits,512,image_50KB,20480,3,0.5103418329999982,69224,41726
ElGamal,decrypt,prime_bits,512,image_50KB,20480,3,0.34237862500000205,37732,
ElGamal,encrypt,prime_bits,512,image_50KB,20480,4,0.515452125000003,69216,41724
ElGamal,decrypt,prime_bits,512,image_50KB,20480,4,0.3419206250000002,37728,
ElGamal,encrypt,prime_bits,512,image_50KB,20480,5,0.5095301670000012,69224,41722
ElGamal,decrypt,prime_bits,512,image_50KB,20480,5,0.34399654200000285,37732,
ElGamal,encrypt,prime_bits,512,image_50KB,20480,6,0.520048083999999,69224,41726
ElGamal,decrypt,prime_bits,512,image_50KB,20480,6,0.34260933400000226,37728,
ElGamal,encrypt,prime_bits,512,image_50KB,20480,7,0.5156198340000024,69216,41725
ElGamal,decrypt,prime_bits,512,image_50KB,20480,7,0.34714841699999965,37732,
ElGamal,encrypt,prime_bits,512,image_50KB,20480,8,0.5079978749999974,69232,41727
ElGamal,decrypt,prime_bits,512,image_50KB,20480,8,0.3394461249999985,37728,
ElGamal,encrypt,prime_bits,512,image_50KB,20480,9,0.5066210829999989,69224,41726
ElGamal,decrypt,prime_bits,512,image_50KB,20480,9,0.34009570899999986,37728,
ElGamal,encrypt,prime_bits,512,audio_200KB,20480,0,0.5109239169999995,69228,41723
ElGamal,decrypt,prime_bits,512,audio_200KB,20480,0,0.3392718330000015,37728,
ElGamal,encrypt,prime_bits,512,audio_200KB,20480,1,0.5139103329999983,69224,41725
ElGamal,decrypt,prime_bits,512,audio_200KB,20480,1,0.3430782910000012,37732,
ElGamal,encrypt,prime_bits,512,audio_200KB,20480,2,0.5107145000000024,69224,41726
ElGamal,decrypt,prime_bits,512,audio_200KB,20480,2,0.34230362499999956,37732,
ElGamal,encrypt,prime_bits,512,audio_200KB,20480,3,0.5113860420000016,69228,41724
ElGamal,decrypt,prime_bits,512,audio_200KB,20480,3,0.3426592500000005,37732,
ElGamal,encrypt,prime_bits,512,audio_200KB,20480,4,0.5090302080000022,69216,41727
ElGamal,decrypt,prime_bits,512,audio_200KB,20480,4,0.34207216699999776,37728,
ElGamal,encrypt,prime_bits,512,audio_200KB,20480,5,0.5091896669999976,69216,41723
ElGamal,decrypt,prime_bits,512,audio_200KB,20480,5,0.342629125000002,37728,
ElGamal,encrypt,prime_bits,512,audio_200KB,20480,6,0.5120292500000012,69220,41721
ElGamal,decrypt,prime_bits,512,audio_200KB,20480,6,0.3430857500000002,37728,
ElGamal,encrypt,prime_bits,512,audio_200KB,20480,7,0.5116139590000017,69224,41726
ElGamal,decrypt,prime_bits,512,audio_200KB,20480,7,0.34071866700000086,37732,
ElGamal,encrypt,prime_bits,512,audio_200KB,20480,8,0.5097297919999981,69216,41725
ElGamal,decrypt,prime_bits,512,audio_200KB,20480,8,0.3358477499999992,37732,
ElGamal,encrypt,prime_bits,512,audio_200KB,20480,9,0.5053814170000024,69216,41723
ElGamal,decrypt,prime_bits,512,audio_200KB,20480,9,0.34270337499999926,37728,
ElGamal,encrypt,prime_bits,512,video_1MB,20480,0,0.5109348330000003,69228,41728
ElGamal,decrypt,prime_bits,512,video_1MB,20480,0,0.3405508339999983,37732,
ElGamal,encrypt,prime_bits,512,video_1MB,20480,1,0.5140522920000024,69220,41727
ElGamal,decrypt,prime_bits,512,video_1MB,20480,1,0.3399693329999991,37728,
ElGamal,encrypt,prime_bits,512,video_1MB,20480,2,0.5162680000000037,69224,41728
ElGamal,decrypt,prime_bits,512,video_1MB,20480,2,0.34633449999999755,37728,
ElGamal,encrypt,prime_bits,512,video_1MB,20480,3,0.5047661250000033,69232,41728
ElGamal,decrypt,prime_bits,512,video_1MB,20480,3,0.3427986660000002,37732,
ElGamal,encrypt,prime_bits,512,video_1MB,20480,4,0.5247410000000059,69228,41726
ElGamal,decrypt,prime_bits,512,video_1MB,20480,4,0.3455119999999994,37732,
ElGamal,encrypt,prime_bits,512,video_1MB,20480,5,0.512535333999999,69224,41725
ElGamal,decrypt,prime_bits,512,video_1MB,20480,5,0.3413776249999998,37732,
ElGamal,encrypt,prime_bits,512,video_1MB,20480,6,0.5151030410000033,69220,41726
ElGamal,decrypt,prime_bits,512,video_1MB,20480,6,0.3410171250000005,37728,
ElGamal,encrypt,prime_bits,512,video_1MB,20480,7,0.513974042000001,69224,41722
ElGamal,decrypt,prime_bits,512,video_1MB,20480,7,0.343455917,37728,
ElGamal,encrypt,prime_bits,512,video_1MB,20480,8,0.5110952080000004,69224,41724
ElGamal,decrypt,prime_bits,512,video_1MB,20480,8,0.3421541670000039,37732,
ElGamal,encrypt,prime_bits,512,video_1MB,20480,9,0.5018303749999973,69220,41725
ElGamal,decrypt,prime_bits,512,video_1MB,20480,9,0.34079620800000043,37732,
ElGamal,keygen,prime_bits,1024,-,0,0,0.0026512909999993894,1780,
ElGamal,keygen,prime_bits,1024,-,0,1,0.002655332999999871,1784,
ElGamal,keygen,prime_bits,1024,-,0,2,0.0026541669999957662,1784,
ElGamal,keygen,prime_bits,1024,-,0,3,0.002650584000001288,1784,
ElGamal,keygen,prime_bits,1024,-,0,4,0.0026669579999989423,1780,
ElGamal,keygen,prime_bits,1024,-,0,5,0.0026536669999970286,1784,
ElGamal,keygen,prime_bits,1024,-,0,6,0.0026085000000009018,1784,
ElGamal,keygen,prime_bits,1024,-,0,7,0.0026205410000059715,1784,
ElGamal,keygen,prime_bits,1024,-,0,8,0.0026410000000041123,1784,
ElGamal,keygen,prime_bits,1024,-,0,9,0.0026672909999945205,1784,
ElGamal,encrypt,prime_bits,1024,text_1KB,1024,0,0.05315129100000604,9412,2304
ElGamal,decrypt,prime_bits,1024,text_1KB,1024,0,0.033563417000003426,7608,
ElGamal,encrypt,prime_bits,1024,text_1KB,1024,1,0.0525000829999982,9412,2304
ElGamal,decrypt,prime_bits,1024,text_1KB,1024,1,0.03227208300000228,7608,
ElGamal,encrypt,prime_bits,1024,text_1KB,1024,2,0.05265116599999686,9412,2304
ElGamal,decrypt,prime_bits,1024,text_1KB,1024,2,0.03282770900000287,7608,
ElGamal,encrypt,prime_bits,1024,text_1KB,1024,3,0.05290858400000076,9412,2304
ElGamal,decrypt,prime_bits,1024,text_1KB,1024,3,0.032762124999997866,7608,
ElGamal,encrypt,prime_bits,1024,text_1KB,1024,4,0.0522206249999968,9412,2304
ElGamal,decrypt,prime_bits,1024,text_1KB,1024,4,0.032172875000000545,7608,
ElGamal,encrypt,prime_bits,1024,text_1KB,1024,5,0.05267975000000291,9412,2304
ElGamal,decrypt,prime_bits,1024,text_1KB,1024,5,0.03236549999999738,7608,
ElGamal,encrypt,prime_bits,1024,text_1KB,1024,6,0.0524233749999965,9408,2304
ElGamal,decrypt,prime_bits,1024,text_1KB,1024,6,0.033405874999999696,7608,
ElGamal,encrypt,prime_bits,1024,text_1KB,1024,7,0.054361666999994895,9412,2304
ElGamal,decrypt,prime_bits,1024,text_1KB,1024,7,0.032381374999999935,7608,
ElGamal,encrypt,prime_bits,1024,text_1KB,1024,8,0.05232104200000265,9412,2304
ElGamal,decrypt,prime_bits,1024,text_1KB,1024,8,0.03224991700000146,7608,
ElGamal,encrypt,prime_bits,1024,text_1KB,1024,9,0.05196008300000443,9412,2304
ElGamal,decrypt,prime_bits,1024,text_1KB,1024,9,0.03230987500000282,7608,
ElGamal,encrypt,prime_bits,1024,image_50KB,20480,0,0.9399979160000029,60932,41466
ElGamal,decrypt,prime_bits,1024,image_50KB,20480,0,0.5818733750000007,34012,
ElGamal,encrypt,prime_bits,1024,image_50KB,20480,1,0.9374602089999939,60924,41470
ElGamal,decrypt,prime_bits,1024,image_50KB,20480,1,0.5747990419999951,34012,
ElGamal,encrypt,prime_bits,1024,image_50KB,20480,2,0.9276080830000026,60916,41469
ElGamal,decrypt,prime_bits,1024,image_50KB,20480,2,0.576595832999999,34012,
ElGamal,encrypt,prime_bits,1024,image_50KB,20480,3,0.9380804999999981,60916,41471
ElGamal,decrypt,prime_bits,1024,image_50KB,20480,3,0.5738754999999998,34008,
ElGamal,encrypt,prime_bits,1024,image_50KB,20480,4,0.9322279170000058,60924,41470
ElGamal,decrypt,prime_bits,1024,image_50KB,20480,4,0.5735134589999973,34012,
ElGamal,encrypt,prime_bits,1024,image_50KB,20480,5,0.9281704579999968,60912,41472
ElGamal,decrypt,prime_bits,1024,image_50KB,20480,5,0.5762072500000031,34012,
ElGamal,encrypt,prime_bits,1024,image_50KB,20480,6,0.9291785829999952,60916,41469
ElGamal,decrypt,prime_bits,1024,image_50KB,20480,6,0.5751411250000018,34012,
ElGamal,encrypt,prime_bits,1024,image_50KB,20480,7,0.9303216250000048,60916,41470
ElGamal,decrypt,prime_bits,1024,image_50KB,20480,7,0.5737128749999982,34012,
ElGamal,encrypt,prime_bits,1024,image_50KB,20480,8,0.9369731250000015,60948,41472
ElGamal,decrypt,prime_bits,1024,image_50KB,20480,8,0.579878708999999,34008,
ElGamal,encrypt,prime_bits,1024,image_50KB,20480,9,0.9394472500000006,60924,41471
ElGamal,decrypt,prime_bits,1024,image_50KB,20480,9,0.5795753749999975,34012,
ElGamal,encrypt,prime_bits,1024,audio_200KB,20480,0,0.9303850000000011,60932,41469
ElGamal,decrypt,prime_bits,1024,audio_200KB,20480,0,0.5767228339999946,34012,
ElGamal,encrypt,prime_bits,1024,audio_200KB,20480,1,0.9379932920000016,60920,41470
ElGamal,decrypt,prime_bits,1024,audio_200KB,20480,1,0.5775746670000004,34012,
ElGamal,encrypt,prime_bits,1024,audio_200KB,20480,2,0.9297650419999997,60924,41470
ElGamal,decrypt,prime_bits,1024,audio_200KB,20480,2,0.5782315830000044,34012,
ElGamal,encrypt,prime_bits,1024,audio_200KB,20480,3,0.9318325420000093,60924,41469
ElGamal,decrypt,prime_bits,1024,audio_200KB,20480,3,0.5740232079999998,34012,
ElGamal,encrypt,prime_bits,1024,audio_200KB,20480,4,0.9366999580000055,60920,41470
ElGamal,decrypt,prime_bits,1024,audio_200KB,20480,4,0.570801375000002,34012,
ElGamal,encrypt,prime_bits,1024,audio_200KB,20480,5,0.9367392500000022,60912,41471
ElGamal,decrypt,prime_bits,1024,audio_200KB,20480,5,0.57364770800001,34012,
ElGamal,encrypt,prime_bits,1024,audio_200KB,20480,6,0.9409727919999966,60916,41471
ElGamal,decrypt,prime_bits,1024,audio_200KB,20480,6,0.5871927920000104,34012,
ElGamal,encrypt,prime_bits,1024,audio_200KB,20480,7,0.9491592499999939,60920,41469
ElGamal,decrypt,prime_bits,1024,audio_200KB,20480,7,0.5857307909999889,34012,
ElGamal,encrypt,prime_bits,1024,audio_200KB,20480,8,0.9324558330000059,60916,41472
ElGamal,decrypt,prime_bits,1024,audio_200KB,20480,8,0.5724465419999945,34012,
ElGamal,encrypt,prime_bits,1024,audio_200KB,20480,9,0.9253713749999974,60920,41471
ElGamal,decrypt,prime_bits,1024,audio_200KB,20480,9,0.5770526249999932,34012,
ElGamal,encrypt,prime_bits,1024,video_1MB,20480,0,0.9252075000000133,60916,41470
ElGamal,decrypt,prime_bits,1024,video_1MB,20480,0,0.5683046660000031,34012,
ElGamal,encrypt,prime_bits,1024,video_1MB,20480,1,0.9241299579999946,60920,41469
ElGamal,decrypt,prime_bits,1024,video_1MB,20480,1,0.5683657080000017,34012,
ElGamal,encrypt,prime_bits,1024,video_1MB,20480,2,0.9274583330000041,60916,41470
ElGamal,decrypt,prime_bits,1024,video_1MB,20480,2,0.5765866670000008,34008,
ElGamal,encrypt,prime_bits,1024,video_1MB,20480,3,0.9272479170000025,60912,41471
ElGamal,decrypt,prime_bits,1024,video_1MB,20480,3,0.5663972499999943,34012,
ElGamal,encrypt,prime_bits,1024,video_1MB,20480,4,0.9267536659999962,60924,41471
ElGamal,decrypt,prime_bits,1024,video_1MB,20480,4,0.5766145000000051,34012,
ElGamal,encrypt,prime_bits,1024,video_1MB,20480,5,0.9393931249999952,60908,41471
ElGamal,decrypt,prime_bits,1024,video_1MB,20480,5,0.5784740830000032,34012,
ElGamal,encrypt,prime_bits,1024,video_1MB,20480,6,0.9341062089999923,60912,41469
ElGamal,decrypt,prime_bits,1024,video_1MB,20480,6,0.5790369999999996,34012,
ElGamal,encrypt,prime_bits,1024,video_1MB,20480,7,0.9402005000000031,60912,41472
ElGamal,decrypt,prime_bits,1024,video_1MB,20480,7,0.5800224590000056,34012,
ElGamal,encrypt,prime_bits,1024,video_1MB,20480,8,0.936293875000004,60912,41469
ElGamal,decrypt,prime_bits,1024,video_1MB,20480,8,0.579057082999995,34012,
ElGamal,encrypt,prime_bits,1024,video_1MB,20480,9,0.9360510420000026,60920,41472
ElGamal,decrypt,prime_bits,1024,video_1MB,20480,9,0.5911436250000008,34012,
ElGamal,keygen,prime_bits,2048,-,0,0,0.015664666999995802,2736,
ElGamal,keygen,prime_bits,2048,-,0,1,0.01582358299999953,2736,
ElGamal,keygen,prime_bits,2048,-,0,2,0.01563941700000271,2736,
ElGamal,keygen,prime_bits,2048,-,0,3,0.01574233399999514,2736,
ElGamal,keygen,prime_bits,2048,-,0,4,0.015633334000000332,2736,
ElGamal,keygen,prime_bits,2048,-,0,5,0.01566937500000165,2736,
ElGamal,keygen,prime_bits,2048,-,0,6,0.015687959000004525,2736,
ElGamal,keygen,prime_bits,2048,-,0,7,0.015762291999990907,2736,
ElGamal,keygen,prime_bits,2048,-,0,8,0.015739582999998447,2736,
ElGamal,keygen,prime_bits,2048,-,0,9,0.015675791999996136,2736,
ElGamal,encrypt,prime_bits,2048,text_1KB,1024,0,0.17571391699999594,14596,2560
ElGamal,decrypt,prime_bits,2048,text_1KB,1024,0,0.10007945799999618,12496,
ElGamal,encrypt,prime_bits,2048,text_1KB,1024,1,0.17389470900000958,14596,2560
ElGamal,decrypt,prime_bits,2048,text_1KB,1024,1,0.10098066599999811,12496,
ElGamal,encrypt,prime_bits,2048,text_1KB,1024,2,0.17388008300000024,14596,2560
ElGamal,decrypt,prime_bits,2048,text_1KB,1024,2,0.10002362500000572,12496,
ElGamal,encrypt,prime_bits,2048,text_1KB,1024,3,0.17343875000000253,14596,2560
ElGamal,decrypt,prime_bits,2048,text_1KB,1024,3,0.09981666699999892,12496,
ElGamal,encrypt,prime_bits,2048,text_1KB,1024,4,0.1728595830000046,14596,2560
ElGamal,decrypt,prime_bits,2048,text_1KB,1024,4,0.10007983299999523,12496,
ElGamal,encrypt,prime_bits,2048,text_1KB,1024,5,0.17403104200000996,14600,2560
ElGamal,decrypt,prime_bits,2048,text_1KB,1024,5,0.10044141600000955,12496,
ElGamal,encrypt,prime_bits,2048,text_1KB,1024,6,0.1748548329999977,14596,2560
ElGamal,decrypt,prime_bits,2048,text_1KB,1024,6,0.10021391600000129,12496,
ElGamal,encrypt,prime_bits,2048,text_1KB,1024,7,0.17401920899999368,14596,2560
ElGamal,decrypt,prime_bits,2048,text_1KB,1024,7,0.10048474999999257,12496,
ElGamal,encrypt,prime_bits,2048,text_1KB,1024,8,0.1738503330000043,14596,2560
ElGamal,decrypt,prime_bits,2048,text_1KB,1024,8,0.09982629199998883,12496,
ElGamal,encrypt,prime_bits,2048,text_1KB,1024,9,0.17257562499999324,14596,2560
ElGamal,decrypt,prime_bits,2048,text_1KB,1024,9,0.1003080830000016,12496,
ElGamal,encrypt,prime_bits,2048,image_50KB,20480,0,2.8401041249999963,60912,41472
ElGamal,decrypt,prime_bits,2048,image_50KB,20480,0,1.6316797499999893,36000,
ElGamal,encrypt,prime_bits,2048,image_50KB,20480,1,2.832912666999988,60900,41472
ElGamal,decrypt,prime_bits,2048,image_50KB,20480,1,1.6444247080000025,36000,
ElGamal,encrypt,prime_bits,2048,image_50KB,20480,2,2.860190667000012,60916,41469
ElGamal,decrypt,prime_bits,2048,image_50KB,20480,2,1.6394038749999993,36000,
ElGamal,encrypt,prime_bits,2048,image_50KB,20480,3,2.8325513750000084,60904,41471
ElGamal,decrypt,prime_bits,2048,image_50KB,20480,3,1.6314734169999952,35996,
ElGamal,encrypt,prime_bits,2048,image_50KB,20480,4,2.8453748750000045,60908,41472
ElGamal,decrypt,prime_bits,2048,image_50KB,20480,4,1.6531092079999894,36000,
ElGamal,encrypt,prime_bits,2048,image_50KB,20480,5,2.8301365420000195,60920,41471
ElGamal,decrypt,prime_bits,2048,image_50KB,20480,5,1.6486173750000148,36000,
ElGamal,encrypt,prime_bits,2048,image_50KB,20480,6,2.833318208999998,60908,41472
ElGamal,decrypt,prime_bits,2048,image_50KB,20480,6,1.6329764580000017,36000,
ElGamal,encrypt,prime_bits,2048,image_50KB,20480,7,2.8370908750000012,60900,41471
ElGamal,decrypt,prime_bits,2048,image_50KB,20480,7,1.6418095840000149,36000,
ElGamal,encrypt,prime_bits,2048,image_50KB,20480,8,2.853117540999989,60904,41471
ElGamal,decrypt,prime_bits,2048,image_50KB,20480,8,1.642478082999986,36000,
ElGamal,encrypt,prime_bits,2048,image_50KB,20480,9,2.843069917000008,60908,41472
ElGamal,decrypt,prime_bits,2048,image_50KB,20480,9,1.6561405829999956,36000,
ElGamal,encrypt,prime_bits,2048,audio_200KB,20480,0,2.8374395419999985,60920,41471
ElGamal,decrypt,prime_bits,2048,audio_200KB,20480,0,1.6294013750000147,36000,
ElGamal,encrypt,prime_bits,2048,audio_200KB,20480,1,2.821216708999998,60912,41471
ElGamal,decrypt,prime_bits,2048,audio_200KB,20480,1,1.6326932910000096,36000,
ElGamal,encrypt,prime_bits,2048,audio_200KB,20480,2,2.8309523750000096,60916,41471
ElGamal,decrypt,prime_bits,2048,audio_200KB,20480,2,1.6461380420000182,36000,
ElGamal,encrypt,prime_bits,2048,audio_200KB,20480,3,2.8510084999999776,60908,41471
ElGamal,decrypt,prime_bits,2048,audio_200KB,20480,3,1.6410256669999796,36000,
ElGamal,encrypt,prime_bits,2048,audio_200KB,20480,4,2.8439869999999985,60928,41471
ElGamal,decrypt,prime_bits,2048,audio_200KB,20480,4,1.656901583000007,36000,
ElGamal,encrypt,prime_bits,2048,audio_200KB,20480,5,2.8366894159999845,60900,41472
ElGamal,decrypt,prime_bits,2048,audio_200KB,20480,5,1.6292581659999996,36000,
ElGamal,encrypt,prime_bits,2048,audio_200KB,20480,6,2.8211887500000046,60924,41470
ElGamal,decrypt,prime_bits,2048,audio_200KB,20480,6,1.633369832999989,36000,
ElGamal,encrypt,prime_bits,2048,audio_200KB,20480,7,2.8302702080000017,60916,41472
ElGamal,decrypt,prime_bits,2048,audio_200KB,20480,7,1.6439819169999907,36000,
ElGamal,encrypt,prime_bits,2048,audio_200KB,20480,8,2.8549659579999798,60908,41470
ElGamal,decrypt,prime_bits,2048,audio_200KB,20480,8,1.6455267080000056,36000,
ElGamal,encrypt,prime_bits,2048,audio_200KB,20480,9,2.844632125000004,60908,41471
ElGamal,decrypt,prime_bits,2048,audio_200KB,20480,9,1.6546857079999882,36000,
ElGamal,encrypt,prime_bits,2048,video_1MB,20480,0,2.8753750829999944,60912,41471
ElGamal,decrypt,prime_bits,2048,video_1MB,20480,0,1.6324746669999968,36000,
ElGamal,encrypt,prime_bits,2048,video_1MB,20480,1,2.8285522079999907,60912,41472
ElGamal,decrypt,prime_bits,2048,video_1MB,20480,1,1.6319566669999972,36000,
ElGamal,encrypt,prime_bits,2048,video_1MB,20480,2,2.827807416000013,60908,41471
ElGamal,decrypt,prime_bits,2048,video_1MB,20480,2,1.6374352079999994,36000,
ElGamal,encrypt,prime_bits,2048,video_1MB,20480,3,2.8492505840000035,60920,41471
ElGamal,decrypt,prime_bits,2048,video_1MB,20480,3,1.6454972500000054,36000,
ElGamal,encrypt,prime_bits,2048,video_1MB,20480,4,2.8528051669999854,60908,41472
ElGamal,decrypt,prime_bits,2048,video_1MB,20480,4,1.6360309170000278,36000,
ElGamal,encrypt,prime_bits,2048,video_1MB,20480,5,2.8519091670000023,60912,41471
ElGamal,decrypt,prime_bits,2048,video_1MB,20480,5,1.6363036669999929,36000,
ElGamal,encrypt,prime_bits,2048,video_1MB,20480,6,2.804293333000004,60916,41470
ElGamal,decrypt,prime_bits,2048,video_1MB,20480,6,1.6160750419999772,36000,
ElGamal,encrypt,prime_bits,2048,video_1MB,20480,7,2.806770957999987,60912,41469
ElGamal,decrypt,prime_bits,2048,video_1MB,20480,7,1.606954542000011,36000,
ElGamal,encrypt,prime_bits,2048,video_1MB,20480,8,2.807475832999984,60912,41472
ElGamal,decrypt,prime_bits,2048,video_1MB,20480,8,1.6284669999999721,36000,
ElGamal,encrypt,prime_bits,2048,video_1MB,20480,9,2.827274541999998,60904,41472
ElGamal,decrypt,prime_bits,2048,video_1MB,20480,9,1.61616783300002,36000,
ECC/ECDH,keygen,curve,SECP192R1,-,0,0,0.0009607499999901847,731,
ECC/ECDH,key_exchange,curve,SECP192R1,-,0,0,0.0007705840000085118,258,
ECC/ECDH,keygen,curve,SECP192R1,-,0,1,0.0006713749999960328,120,
ECC/ECDH,key_exchange,curve,SECP192R1,-,0,1,0.0006662920000053418,218,
ECC/ECDH,keygen,curve,SECP192R1,-,0,2,0.0006754160000070897,120,
ECC/ECDH,key_exchange,curve,SECP192R1,-,0,2,0.0006797910000102547,218,
ECC/ECDH,keygen,curve,SECP192R1,-,0,3,0.0006835410000007869,120,
ECC/ECDH,key_exchange,curve,SECP192R1,-,0,3,0.000660000000010541,218,
ECC/ECDH,keygen,curve,SECP192R1,-,0,4,0.0007056660000159809,120,
ECC/ECDH,key_exchange,curve,SECP192R1,-,0,4,0.0007127080000088881,218,
ECC/ECDH,keygen,curve,SECP192R1,-,0,5,0.000711875000007467,120,
ECC/ECDH,key_exchange,curve,SECP192R1,-,0,5,0.0006670420000034483,218,
ECC/ECDH,keygen,curve,SECP192R1,-,0,6,0.0009351669999944079,120,
ECC/ECDH,key_exchange,curve,SECP192R1,-,0,6,0.000684165999984998,218,
ECC/ECDH,keygen,curve,SECP192R1,-,0,7,0.0006763330000012502,120,
ECC/ECDH,key_exchange,curve,SECP192R1,-,0,7,0.0006621250000193868,218,
ECC/ECDH,keygen,curve,SECP192R1,-,0,8,0.0006819580000012593,120,
ECC/ECDH,key_exchange,curve,SECP192R1,-,0,8,0.0007131670000148915,218,
ECC/ECDH,keygen,curve,SECP192R1,-,0,9,0.0006949170000041249,120,
ECC/ECDH,key_exchange,curve,SECP192R1,-,0,9,0.0006686659999957101,218,
ECC/ECDH,keygen,curve,SECP256R1,-,0,0,0.00018504199999824777,296,
ECC/ECDH,key_exchange,curve,SECP256R1,-,0,0,8.037499998181374e-05,234,
ECC/ECDH,keygen,curve,SECP256R1,-,0,1,2.649999998993735e-05,120,
ECC/ECDH,key_exchange,curve,SECP256R1,-,0,1,8.25409999833937e-05,234,
ECC/ECDH,keygen,curve,SECP256R1,-,0,2,2.8208000003360212e-05,120,
ECC/ECDH,key_exchange,curve,SECP256R1,-,0,2,8.20839999846612e-05,234,
ECC/ECDH,keygen,curve,SECP256R1,-,0,3,2.8125000000045475e-05,120,
ECC/ECDH,key_exchange,curve,SECP256R1,-,0,3,8.491600002002997e-05,234,
ECC/ECDH,keygen,curve,SECP256R1,-,0,4,2.7750000015203113e-05,120,
ECC/ECDH,key_exchange,curve,SECP256R1,-,0,4,8.191700001702884e-05,234,
ECC/ECDH,keygen,curve,SECP256R1,-,0,5,0.00282270799999651,120,
ECC/ECDH,key_exchange,curve,SECP256R1,-,0,5,0.00010333299999842893,234,
ECC/ECDH,keygen,curve,SECP256R1,-,0,6,3.395799998884286e-05,120,
ECC/ECDH,key_exchange,curve,SECP256R1,-,0,6,8.504199999492812e-05,234,
ECC/ECDH,keygen,curve,SECP256R1,-,0,7,2.941700000747005e-05,120,
ECC/ECDH,key_exchange,curve,SECP256R1,-,0,7,8.445899999287576e-05,234,
ECC/ECDH,keygen,curve,SECP256R1,-,0,8,2.6458000007778537e-05,120,
ECC/ECDH,key_exchange,curve,SECP256R1,-,0,8,7.579199998986041e-05,234,
ECC/ECDH,keygen,curve,SECP256R1,-,0,9,2.59170000163067e-05,120,
ECC/ECDH,key_exchange,curve,SECP256R1,-,0,9,7.516700000564924e-05,234,
ECC/ECDH,keygen,curve,SECP384R1,-,0,0,0.0008645830000091337,296,
ECC/ECDH,key_exchange,curve,SECP384R1,-,0,0,0.002268624999999247,266,
ECC/ECDH,keygen,curve,SECP384R1,-,0,1,0.000806208000000197,120,
ECC/ECDH,key_exchange,curve,SECP384R1,-,0,1,0.0021591250000199125,266,
ECC/ECDH,keygen,curve,SECP384R1,-,0,2,0.0008032920000005106,120,
ECC/ECDH,key_exchange,curve,SECP384R1,-,0,2,0.002177790999979834,266,
ECC/ECDH,keygen,curve,SECP384R1,-,0,3,0.0007991660000072898,120,
ECC/ECDH,key_exchange,curve,SECP384R1,-,0,3,0.0021552910000082193,266,
ECC/ECDH,keygen,curve,SECP384R1,-,0,4,0.0007767920000105732,120,
ECC/ECDH,key_exchange,curve,SECP384R1,-,0,4,0.0022145830000113165,266,
ECC/ECDH,keygen,curve,SECP384R1,-,0,5,0.0008513749999963238,120,
ECC/ECDH,key_exchange,curve,SECP384R1,-,0,5,0.002511958000013692,266,
ECC/ECDH,keygen,curve,SECP384R1,-,0,6,0.0008239999999943848,120,
ECC/ECDH,key_exchange,curve,SECP384R1,-,0,6,0.0021822920000147406,266,
ECC/ECDH,keygen,curve,SECP384R1,-,0,7,0.0008235829999989619,120,
ECC/ECDH,key_exchange,curve,SECP384R1,-,0,7,0.002196209000004501,266,
ECC/ECDH,keygen,curve,SECP384R1,-,0,8,0.0008085829999799898,120,
ECC/ECDH,key_exchange,curve,SECP384R1,-,0,8,0.0021762089999981526,266,
ECC/ECDH,keygen,curve,SECP384R1,-,0,9,0.0008022499999924548,120,
ECC/ECDH,key_exchange,curve,SECP384R1,-,0,9,0.0021732920000090417,266,
ECC/ECDH,keygen,curve,SECP521R1,-,0,0,0.000572874999988926,296,
ECC/ECDH,key_exchange,curve,SECP521R1,-,0,0,0.0010807920000104332,302,
ECC/ECDH,keygen,curve,SECP521R1,-,0,1,0.0005340410000087559,120,
ECC/ECDH,key_exchange,curve,SECP521R1,-,0,1,0.0010253750000117634,302,
ECC/ECDH,keygen,curve,SECP521R1,-,0,2,0.0005077499999970314,120,
ECC/ECDH,key_exchange,curve,SECP521R1,-,0,2,0.001036999999996624,302,
ECC/ECDH,keygen,curve,SECP521R1,-,0,3,0.0005181249999850479,120,
ECC/ECDH,key_exchange,curve,SECP521R1,-,0,3,0.0010326250000218806,302,
ECC/ECDH,keygen,curve,SECP521R1,-,0,4,0.0005519999999989977,120,
ECC/ECDH,key_exchange,curve,SECP521R1,-,0,4,0.0010416249999991578,302,
ECC/ECDH,keygen,curve,SECP521R1,-,0,5,0.0005187499999976808,120,
ECC/ECDH,key_exchange,curve,SECP521R1,-,0,5,0.001088833000011391,302,
ECC/ECDH,keygen,curve,SECP521R1,-,0,6,0.0005215000000191594,120,
ECC/ECDH,key_exchange,curve,SECP521R1,-,0,6,0.001038249999993468,302,
ECC/ECDH,keygen,curve,SECP521R1,-,0,7,0.000507084000020086,120,
ECC/ECDH,key_exchange,curve,SECP521R1,-,0,7,0.0010572909999950753,302,
ECC/ECDH,keygen,curve,SECP521R1,-,0,8,0.0005060830000047645,120,
ECC/ECDH,key_exchange,curve,SECP521R1,-,0,8,0.0010226660000114407,302,
ECC/ECDH,keygen,curve,SECP521R1,-,0,9,0.0005173330000047827,120,
ECC/ECDH,key_exchange,curve,SECP521R1,-,0,9,0.0010414589999925283,302,
